{
  "Random Forest": {
    "accuracy": 0.37401574803149606,
    "top_3_accuracy": 0.5118110236220472,
    "top_5_accuracy": 0.547244094488189,
    "precision": 0.23125614050928023,
    "recall": 0.37401574803149606,
    "f1_score": 0.2599816105839068
  },
  "Logistic Regression": {
    "accuracy": 0.7047244094488189,
    "top_3_accuracy": 0.7834645669291339,
    "top_5_accuracy": 0.7874015748031497,
    "precision": 0.7370913863039847,
    "recall": 0.7047244094488189,
    "f1_score": 0.7032939064435128
  },
  "Gradient Boosting": {
    "accuracy": 0.6692913385826772,
    "top_3_accuracy": 0.6968503937007874,
    "top_5_accuracy": 0.7086614173228346,
    "precision": 0.735061242344707,
    "recall": 0.6692913385826772,
    "f1_score": 0.6871766029246344
  },
  "Naive Bayes": {
    "accuracy": 0.6929133858267716,
    "top_3_accuracy": 0.6929133858267716,
    "top_5_accuracy": 0.7007874015748031,
    "precision": 0.7327037245344331,
    "recall": 0.6929133858267716,
    "f1_score": 0.69554848938823
  }
}